music_id,track_category,content_category,track_name,artist,link,is_music,content_republican,content_democratic,is_content_republican,is_content_democratic,is_track_republican,is_track_democratic
7376629910566455296,Republican,Republican,Trump 2024,GAMEGOD NATION,https://www.tiktok.com/music/Trump-2024-7376629910566455297,True,True,False,1,0,1,0
7362317730454308864,Neutral,Republican,MILLION DOLLAR BABY (VHS),Tommy Richman,https://www.tiktok.com/music/MILLION-DOLLAR-BABY-VHS-7362317730454308880,True,True,False,1,0,0,0
7387748325035985920,Republican,Republican,original sound,MAGA2024,https://www.tiktok.com/music/original-sound-7387748325035985695,True,True,False,1,0,1,0
7398999025216687104,Democratic,Democratic,Kamala Harris Were Not Going Back Remix Mashup,CasaDi,https://www.tiktok.com/music/Kamala-Harris-Were-Not-Going-Back-Remix-Mashup-7398999025216686890,True,False,True,0,1,0,1
6776636817383884800,Neutral,"Republican, Democratic",Truth Comes Out,Willyecho,https://www.tiktok.com/music/Truth-Comes-Out-6776636817383884802,True,True,True,1,1,0,0
7405240251112786944,Republican,Republican,original sound,Brett :us:,https://www.tiktok.com/music/original-sound-7405240251112786718,True,True,False,1,0,1,0
6797587496654866432,Neutral,Republican,Open Your Eyes,"Osman Altun, ilkangunuc",https://www.tiktok.com/music/Open-Your-Eyes-6797587496654866434,True,True,False,1,0,0,0
7375243521449659392,Republican,Republican,original sound,USA 2024 - Fan Account :us:,https://www.tiktok.com/music/original-sound-7375243521449659169,True,True,False,1,0,1,0
7395599942250728448,Democratic,Democratic,original sound,Headquarters,https://www.tiktok.com/music/original-sound-7395599942250728222,True,False,True,0,1,0,1
6835724652224972800,Republican,Republican,Wake Up America,Gianluca Zanna,https://www.tiktok.com/music/Wake-Up-America-6835724652224972801,True,True,False,1,0,1,0
7253152876062181376,Neutral,"Republican, Democratic",We the People,Rob Slack,https://www.tiktok.com/music/We-the-People-7253152876062181377,True,True,True,1,1,0,0
7400807891579571200,Republican,Republican,original sound,Brett :us:,https://www.tiktok.com/music/original-sound-7400807891579570974,True,True,False,1,0,1,0
6917506626454816768,Republican,Republican,God Bless The U.S.A.,Lee Greenwood,https://www.tiktok.com/music/God-Bless-The-USA-6917506626454816770,True,True,False,1,0,1,0
7413373879479192576,Democratic,Democratic,Theyre eating the dogs Theyre eating the cats,CasaDi,https://www.tiktok.com/music/Theyre-eating-the-dogs-Theyre-eating-the-cats-7413373879479192362,True,False,True,0,1,0,1
230910198494683168,Neutral,Democratic,Photoshoot,Gucci Mane,https://www.tiktok.com/music/Photoshoot-230910198494683136,True,False,True,0,1,0,0
6919944856030676992,Neutral,Republican,A Storm Is Coming,Tommee Profitt,https://www.tiktok.com/music/A-Storm-Is-Coming-6919944856030676993,True,True,False,1,0,0,0
7141112691069831168,Republican,Republican,Save America,Playboy The Beast,https://www.tiktok.com/music/Save-America-7141112691069831169,True,True,False,1,0,1,0
6778677554413832192,Neutral,"Republican, Democratic",Demise of a Nation,Secession Studios,https://www.tiktok.com/music/Demise-of-a-Nation-6778677554413832194,True,True,True,1,1,0,0
6938536831910676480,Republican,Republican,God We Need You Now,"Struggle Jennings, Caitlynne Curtis",https://www.tiktok.com/music/God-We-Need-You-Now-6938536831910676482,True,True,False,1,0,1,0
7395270944920700928,Republican,Republican,Make America Great Again,Brian Kelley,https://www.tiktok.com/music/Make-America-Great-Again-7395270944920700945,True,True,False,1,0,1,0
7238496707041789952,Neutral,"Republican, Democratic",Star Spangled (Bass Boosted),SNC,https://www.tiktok.com/music/Star-Spangled-Bass-Boosted-7238496707041789953,True,True,True,1,1,0,0
7361449588164709376,Neutral,"Republican, Democratic",Welcome to the SShow,DHmusic,https://www.tiktok.com/music/Welcome-to-the-SShow-7361449588164709162,True,True,True,1,1,0,0
6704985044194166784,Neutral,"Republican, Democratic",Way down We Go,KALEO,https://www.tiktok.com/music/Way-down-We-Go-6704985044194166786,True,True,True,1,1,0,0
5000000001448892416,Neutral,"Republican, Democratic",Come Inside Of My Heart,IV OF SPADES,https://www.tiktok.com/music/Come-Inside-Of-My-Heart-5000000001448892022,True,True,True,1,1,0,0
7270097840977774592,Neutral,"Republican, Democratic",Legends Are Made,Sam Tinnesz,https://www.tiktok.com/music/Legends-Are-Made-7270097840977774593,True,True,True,1,1,0,0
7288226217396242432,Neutral,Democratic,Inspirational,neozilla,https://www.tiktok.com/music/Inspirational-7288226217396242433,True,False,True,0,1,0,0
7353374941268363264,Neutral,Democratic,Nasty,Tinashe,https://www.tiktok.com/music/Nasty-7353374941268363265,True,False,True,0,1,0,0
7337475225884003328,Neutral,Democratic,original sound,Global Mix,https://www.tiktok.com/music/original-sound-7337475225884003114,True,False,True,0,1,0,0
7395383063632464896,Democratic,Democratic,Never Trump Guy JD Vance House of Evo Remix,CasaDi,https://www.tiktok.com/music/Never-Trump-Guy-JD-Vance-House-of-Evo-Remix-7395383063632464683,True,False,True,0,1,0,1
7223018485192920064,Neutral,"Republican, Democratic",Taylor Swift Ready for it,reeltemplates.pro,https://www.tiktok.com/music/Taylor-Swift-Ready-for-it-7223018485192919835,True,True,True,1,1,0,0
7266185270419311616,Republican,Republican,original sound,DTWASRIGHT,https://www.tiktok.com/music/original-sound-7266185270419311362,True,True,False,1,0,1,0
7405667816793279488,Neutral,Republican,original sound,djmiketastic,https://www.tiktok.com/music/original-sound-7405667816793279278,True,True,False,1,0,0,0
7413608708486285312,Neutral,Democratic,AKON'S BEAUTIFUL DAY,AKON,https://www.tiktok.com/music/AKON'S-BEAUTIFUL-DAY-7413608708486285313,True,False,True,0,1,0,0
6817208513685620736,Neutral,"Republican, Democratic","Spooky, quiet, scary atmosphere piano songs",Audiostock,https://www.tiktok.com/music/Spooky-quiet-scary-atmosphere-piano-songs-6817208513685620738,True,True,True,1,1,0,0
6925814448502343680,Neutral,"Republican, Democratic","10 minutes, meditation, sleep, mindfulness, night(951759)",Gloveity,https://www.tiktok.com/music/10-minutes-meditation-sleep-mindfulness-night-951759-6925814448502343682,True,True,True,1,1,0,0
6790400019074680832,Neutral,Republican,Thug Life (feat. FBG Duck),"FBG Duck, Hollywood Swervo",https://www.tiktok.com/music/Thug-Life-feat-FBG-Duck-6790400019074680834,True,True,False,1,0,0,0
7291803363170437120,Democratic,Democratic,We Won't Go Back,"MILCK, BIIANCO, Autumn Rowe",https://www.tiktok.com/music/We-Won't-Go-Back-7291803363170437121,True,False,True,0,1,0,1
7365349431086401536,Neutral,Democratic,Not Like Us,Kendrick Lamar,https://www.tiktok.com/music/Not-Like-Us-7365349431086401552,True,False,True,0,1,0,0
6715196271927232512,Neutral,"Republican, Democratic",Thunderstruck,AC/DC,https://www.tiktok.com/music/Thunderstruck-6715196271927232514,True,True,True,1,1,0,0
6848387203412805632,Neutral,Republican,Red Kingdom,Tech N9ne,https://www.tiktok.com/music/Red-Kingdom-6848387203412805633,True,True,False,1,0,0,0
6873501791145691136,Neutral,Republican,Epic Music(863502),Draganov89,https://www.tiktok.com/music/Epic-Music-863502-6873501791145691137,True,True,False,1,0,0,0
6716027434308749312,Neutral,"Republican, Democratic","Frolic (Theme from ""Curb Your Enthusiasm"" TV Show)",Luciano Michelini,https://www.tiktok.com/music/Frolic-Theme-from-Curb-Your-Enthusiasm-TV-Show-6716027434308749314,True,True,True,1,1,0,0
7086103923752175616,Neutral,"Republican, Democratic",The Champion,Lux-Inspira,https://www.tiktok.com/music/The-Champion-7086103923752175617,True,True,True,1,1,0,0
7395310754142849024,Democratic,Democratic,Vote for Kamala Harris!,UA Story Band,https://www.tiktok.com/music/Vote-for-Kamala-Harris-7395310754142849040,True,False,True,0,1,0,1
7429889112264100864,Republican,Republican,original sound,Laura Gail :um:BFE,https://www.tiktok.com/music/original-sound-7429889112264100638,True,True,False,1,0,1,0
7404149369904580608,Democratic,Democratic,Taking Back Our Flag,MrCheetos Music,https://www.tiktok.com/music/Taking-Back-Our-Flag-7404149369904580625,True,False,True,0,1,0,1
7395616180436568064,Republican,Republican,Trump The 47th President of the United States of America,"Tucker Grace, Viral Sound Empire",https://www.tiktok.com/music/Trump-The-47th-President-of-the-United-States-of-America-7395616180436568080,True,True,False,1,0,1,0
7414261025450593280,Neutral,Republican,original sound,I Green Screen Things,https://www.tiktok.com/music/original-sound-7414261025450593067,True,True,False,1,0,0,0
7221312697249531904,Neutral,Republican,Stargazing (Slowed + Reverb),Marcelo De Carvalho,https://www.tiktok.com/music/Stargazing-Slowed-Reverb-7221312697249531906,True,True,False,1,0,0,0
7146319288964483072,Neutral,"Republican, Democratic",Suspenseful and tense orchestra(1318015),SoLaTiDo,https://www.tiktok.com/music/Suspenseful-and-tense-orchestra-1318015-7146319288964483074,True,True,True,1,1,0,0
7386800052000589824,Neutral,Democratic,Big Dawgs,"Hanumankind, Kalmi",https://www.tiktok.com/music/Big-Dawgs-7386800052000589825,True,False,True,0,1,0,0
7293145962955360256,Neutral,"Republican, Democratic",Trendsetter,"Connor Price, Haviah Mighty",https://www.tiktok.com/music/Trendsetter-7293145962955360257,True,True,True,1,1,0,0
6822788852839614464,Democratic,Democratic,Republicans are Dumb,Danny Politix,https://www.tiktok.com/music/Republicans-are-Dumb-6822788852839614465,True,False,True,0,1,0,1
6787939719033391104,Neutral,"Republican, Democratic",If I Only Had A Brain (Wizard of Oz),Knightsbridge,https://www.tiktok.com/music/If-I-Only-Had-A-Brain-Wizard-of-Oz-6787939719033391105,True,True,True,1,1,0,0
6696411182946846720,Neutral,Democratic,Freedom (feat. Kendrick Lamar),Beyonce,https://www.tiktok.com/music/Freedom-feat-Kendrick-Lamar-6696411182946846721,True,False,True,0,1,0,0
7018691865243388928,Neutral,Democratic,The Time is Coming,Aery Yormany,https://www.tiktok.com/music/The-Time-is-Coming-7018691865243388678,True,False,True,0,1,0,0
7414151707942489088,Neutral,Republican,DJ Fat Dog _ I Never Lie x Hollaback Girl,Randy Rogers,https://www.tiktok.com/music/DJ-Fat-Dog-I-Never-Lie-x-Hollaback-Girl-7414151707942488874,True,True,False,1,0,0,0
7043672073613936640,Neutral,Republican,snowfall,"Oneheart, Jeremy :fr:",https://www.tiktok.com/music/snowfall-7043672073613936641,True,True,False,1,0,0,0
6800736265000978432,Democratic,"Republican, Democratic",For What It's Worth,Billy Porter,https://www.tiktok.com/music/For-What-It's-Worth-6800736265000978434,True,True,True,1,1,0,1
6618871733141113856,Neutral,Democratic,Sunrise,Official Sound Studio,https://www.tiktok.com/music/Sunrise-6618871733141113604,True,False,True,0,1,0,0
7231997808928032768,Neutral,Republican,Boundless Worship,Josue Novais Piano Worship,https://www.tiktok.com/music/Boundless-Worship-7231997808928032770,True,True,False,1,0,0,0
7417111318576057344,Neutral,"Republican, Democratic",original sound,BLAZE,https://www.tiktok.com/music/original-sound-7417111318576057131,True,True,True,1,1,0,0
6746993352891189248,Neutral,Democratic,Monkeys Spinning Monkeys,"The Other Studio, Kevin MacLeod",https://www.tiktok.com/music/Monkeys-Spinning-Monkeys-6746993352891189249,True,False,True,0,1,0,0
7109523505888103424,Neutral,Democratic,som original,user56181044691,https://www.tiktok.com/music/som-original-7109523505888103173,True,False,True,0,1,0,0
7238683925508361216,Neutral,Republican,som original,i love Jesus,https://www.tiktok.com/music/som-original-7238683925508360966,True,True,False,1,0,0,0
6717499891850938368,Democratic,"Republican, Democratic",This Is America,Donald Glover,https://www.tiktok.com/music/This-Is-America-6717499891850938369,True,True,True,1,1,0,1
